sample,time_s,method,shadow,lane,lo,hi,node_type,implicit_tail,risk_bound,x_lo,y_lo,x_hi,y_hi
original_3p5,3.5,original,0,999,14.0,15.0,InOutBound,False,True,0.0,-4.0,0.0,-5.0
original_3p5,3.5,original,1,1,1.0,1.5,InOutBound,False,False,1.0,0.0,1.5,0.0
original_3p5,3.5,original,2,1,0.5,1.0,InOutBound,False,False,0.5,0.0,1.0,0.0
original_3p5,3.5,original,3,1,1.5,2.0,InOutBound,False,False,1.5,0.0,2.0,0.0
original_3p5,3.5,original,4,1,0.0,1.0,InOutBound,False,False,0.0,0.0,1.0,0.0
single_admission_3p5,3.5,single_admission,0,999,14.0,15.0,InOutBound,False,True,0.0,-4.0,0.0,-5.0
single_admission_3p5,3.5,single_admission,1,1,1.0,1.5,InOutBound,False,False,1.0,0.0,1.5,0.0
single_admission_3p5,3.5,single_admission,2,1,0.5,1.0,InOutBound,False,False,0.5,0.0,1.0,0.0
single_admission_3p5,3.5,single_admission,3,1,1.5,2.0,InOutBound,False,False,1.5,0.0,2.0,0.0
single_admission_3p5,3.5,single_admission,4,1,0.0,1.0,InOutBound,False,False,0.0,0.0,1.0,0.0
single_admission_3p5,3.5,single_admission,5,1,1.0,13.5,InOutBound,False,False,1.0,0.0,13.5,0.0
original_4p0,4.0,original,0,999,14.0,15.0,InOutBound,False,True,0.0,-4.0,0.0,-5.0
original_4p0,4.0,original,1,1,1.0,1.5,InOutBound,False,False,1.0,0.0,1.5,0.0
original_4p0,4.0,original,2,1,0.5,1.0,InOutBound,False,False,0.5,0.0,1.0,0.0
original_4p0,4.0,original,3,1,1.5,2.0,InOutBound,False,False,1.5,0.0,2.0,0.0
original_4p0,4.0,original,4,1,0.0,1.0,InOutBound,False,False,0.0,0.0,1.0,0.0
original_4p0,4.0,original,5,1,0.0,13.0,InOutBound,False,False,0.0,0.0,13.0,0.0
