group,case,method,t,body_feasible,body_margin_m,witness_position,wrapper_reinitialization,output_count,permission,collision,completion,generic_segment_implicit_flag,truncated_leaf_depth
development_v1,v0_g-0.5,original,0.0,True,1.6052631578947372,witness_position_present,True,3,unmeasured,unmeasured,unmeasured,False,False
development_v1,v0_g-0.5,original,0.5,True,1.6052631578947372,witness_position_present,False,3,unmeasured,unmeasured,unmeasured,False,False
development_v1,v0_g-0.5,original,1.0,True,1.6052631578947372,witness_position_present,False,3,unmeasured,unmeasured,unmeasured,False,False
development_v1,v0_g-0.5,original,1.5,True,1.6052631578947372,witness_position_present,False,3,unmeasured,unmeasured,unmeasured,False,False
development_v1,v0_g-0.5,original,2.0,True,1.6052631578947372,witness_position_present,False,3,unmeasured,unmeasured,unmeasured,False,False
development_v1,v0_g-0.5,original,2.5,True,1.6052631578947372,witness_position_present,False,3,unmeasured,unmeasured,unmeasured,False,False
development_v1,v0_g-0.5,original,3.0,True,1.6052631578947372,witness_position_present,False,3,unmeasured,unmeasured,unmeasured,False,False
development_v1,v0_g-0.5,original,3.5,True,1.6052631578947372,witness_position_present,False,3,unmeasured,unmeasured,unmeasured,False,False
development_v1,v0_g-0.5,original,4.0,True,1.6052631578947372,witness_position_present,False,3,unmeasured,unmeasured,unmeasured,False,False
development_v1,v0_g-0.25,original,0.0,True,1.6052631578947372,witness_position_present,True,2,unmeasured,unmeasured,unmeasured,False,False
development_v1,v0_g-0.25,original,0.5,True,1.6052631578947372,witness_position_present,False,2,unmeasured,unmeasured,unmeasured,False,False
development_v1,v0_g-0.25,original,1.0,True,1.6052631578947372,witness_position_present,False,2,unmeasured,unmeasured,unmeasured,False,False
development_v1,v0_g-0.25,original,1.5,True,1.6052631578947372,witness_position_present,False,2,unmeasured,unmeasured,unmeasured,False,False
development_v1,v0_g-0.25,original,2.0,True,1.6052631578947372,witness_position_present,False,2,unmeasured,unmeasured,unmeasured,False,False
development_v1,v0_g-0.25,original,2.5,True,1.6052631578947372,witness_position_present,False,2,unmeasured,unmeasured,unmeasured,False,False
development_v1,v0_g-0.25,original,3.0,True,1.6052631578947372,witness_position_present,False,2,unmeasured,unmeasured,unmeasured,False,False
development_v1,v0_g-0.25,original,3.5,True,1.6052631578947372,witness_position_present,False,2,unmeasured,unmeasured,unmeasured,False,False
development_v1,v0_g-0.25,original,4.0,True,1.6052631578947372,witness_position_present,False,2,unmeasured,unmeasured,unmeasured,False,False
development_v1,v0_g0,original,0.0,True,1.6052631578947372,witness_position_present,True,2,unmeasured,unmeasured,unmeasured,False,False
development_v1,v0_g0,original,0.5,True,1.6052631578947372,witness_position_present,False,2,unmeasured,unmeasured,unmeasured,False,False
development_v1,v0_g0,original,1.0,True,1.6052631578947372,witness_position_present,False,2,unmeasured,unmeasured,unmeasured,False,False
development_v1,v0_g0,original,1.5,True,1.6052631578947372,witness_position_present,False,2,unmeasured,unmeasured,unmeasured,False,False
development_v1,v0_g0,original,2.0,True,1.6052631578947372,witness_position_present,False,2,unmeasured,unmeasured,unmeasured,False,False
development_v1,v0_g0,original,2.5,True,1.6052631578947372,witness_position_present,False,2,unmeasured,unmeasured,unmeasured,False,False
development_v1,v0_g0,original,3.0,True,1.6052631578947372,witness_position_present,False,2,unmeasured,unmeasured,unmeasured,False,False
development_v1,v0_g0,original,3.5,True,1.6052631578947372,witness_position_present,False,2,unmeasured,unmeasured,unmeasured,False,False
development_v1,v0_g0,original,4.0,True,1.6052631578947372,witness_position_present,False,2,unmeasured,unmeasured,unmeasured,False,False
development_v1,v0.5_g-0.5,original,0.0,True,1.6052631578947372,witness_position_present,True,3,unmeasured,unmeasured,unmeasured,False,False
development_v1,v0.5_g-0.5,original,0.5,True,1.4868421052631584,witness_position_present,False,4,unmeasured,unmeasured,unmeasured,False,False
development_v1,v0.5_g-0.5,original,1.0,True,1.3684210526315796,witness_position_present,False,4,unmeasured,unmeasured,unmeasured,False,False
development_v1,v0.5_g-0.5,original,1.5,True,1.25,witness_position_present,False,6,unmeasured,unmeasured,unmeasured,False,False
development_v1,v0.5_g-0.5,original,2.0,True,1.1315789473684212,witnessed_omission,False,5,unmeasured,unmeasured,unmeasured,False,False
development_v1,v0.5_g-0.5,original,2.5,True,1.0131578947368425,witness_position_present,False,6,unmeasured,unmeasured,unmeasured,False,False
development_v1,v0.5_g-0.5,original,3.0,True,0.8947368421052637,witness_position_present,False,5,unmeasured,unmeasured,unmeasured,False,False
development_v1,v0.5_g-0.5,original,3.5,True,0.776315789473685,witnessed_omission,False,5,unmeasured,unmeasured,unmeasured,False,False
development_v1,v0.5_g-0.5,original,4.0,True,0.6578947368421053,witnessed_omission,False,6,unmeasured,unmeasured,unmeasured,True,False
development_v1,v0.5_g-0.25,original,0.0,True,1.6052631578947372,witness_position_present,True,2,unmeasured,unmeasured,unmeasured,False,False
development_v1,v0.5_g-0.25,original,0.5,True,1.4868421052631584,witness_position_present,False,3,unmeasured,unmeasured,unmeasured,False,False
development_v1,v0.5_g-0.25,original,1.0,True,1.3684210526315796,witness_position_present,False,3,unmeasured,unmeasured,unmeasured,False,False
development_v1,v0.5_g-0.25,original,1.5,True,1.25,witness_position_present,False,4,unmeasured,unmeasured,unmeasured,False,False
development_v1,v0.5_g-0.25,original,2.0,True,1.1315789473684212,witnessed_omission,False,3,unmeasured,unmeasured,unmeasured,False,False
development_v1,v0.5_g-0.25,original,2.5,True,1.0131578947368425,witness_position_present,False,4,unmeasured,unmeasured,unmeasured,False,False
development_v1,v0.5_g-0.25,original,3.0,True,0.8947368421052637,witness_position_present,False,3,unmeasured,unmeasured,unmeasured,False,False
development_v1,v0.5_g-0.25,original,3.5,True,0.776315789473685,witnessed_omission,False,2,unmeasured,unmeasured,unmeasured,False,False
development_v1,v0.5_g-0.25,original,4.0,True,0.6578947368421053,witnessed_omission,False,2,unmeasured,unmeasured,unmeasured,False,False
development_v1,v0.5_g0,original,0.0,True,1.6052631578947372,witness_position_present,True,2,unmeasured,unmeasured,unmeasured,False,False
development_v1,v0.5_g0,original,0.5,True,1.4868421052631584,witness_position_present,False,3,unmeasured,unmeasured,unmeasured,False,False
development_v1,v0.5_g0,original,1.0,True,1.3684210526315796,witness_position_present,False,3,unmeasured,unmeasured,unmeasured,False,False
development_v1,v0.5_g0,original,1.5,True,1.25,witness_position_present,False,4,unmeasured,unmeasured,unmeasured,False,False
development_v1,v0.5_g0,original,2.0,True,1.1315789473684212,witnessed_omission,False,3,unmeasured,unmeasured,unmeasured,False,False
development_v1,v0.5_g0,original,2.5,True,1.0131578947368425,witness_position_present,False,4,unmeasured,unmeasured,unmeasured,False,False
development_v1,v0.5_g0,original,3.0,True,0.8947368421052637,witness_position_present,False,3,unmeasured,unmeasured,unmeasured,False,False
development_v1,v0.5_g0,original,3.5,True,0.776315789473685,witnessed_omission,False,2,unmeasured,unmeasured,unmeasured,False,False
development_v1,v0.5_g0,original,4.0,True,0.6578947368421053,witnessed_omission,False,2,unmeasured,unmeasured,unmeasured,False,False
development_v1,v1_g-0.5,original,0.0,True,1.6052631578947372,witness_position_present,True,3,unmeasured,unmeasured,unmeasured,False,False
development_v1,v1_g-0.5,original,0.5,True,1.3684210526315796,witness_position_present,False,4,unmeasured,unmeasured,unmeasured,False,False
development_v1,v1_g-0.5,original,1.0,True,1.1315789473684212,witnessed_omission,False,4,unmeasured,unmeasured,unmeasured,False,False
development_v1,v1_g-0.5,original,1.5,True,0.8947368421052637,witness_position_present,False,4,unmeasured,unmeasured,unmeasured,False,False
development_v1,v1_g-0.5,original,2.0,True,0.6578947368421053,witness_position_present,False,7,unmeasured,unmeasured,unmeasured,True,False
development_v1,v1_g-0.5,original,2.5,True,0.4210526315789478,witness_position_present,False,6,unmeasured,unmeasured,unmeasured,False,False
development_v1,v1_g-0.5,original,3.0,True,0.18421052631578938,witness_position_present,False,7,unmeasured,unmeasured,unmeasured,False,False
development_v1,v1_g-0.5,original,3.5,False,-0.05263157894736814,witness_position_present,False,10,unmeasured,unmeasured,unmeasured,True,False
development_v1,v1_g-0.5,original,4.0,False,-0.28947368421052566,witness_position_present,False,10,unmeasured,unmeasured,unmeasured,True,False
development_v1,v1_g-0.25,original,0.0,True,1.6052631578947372,witness_position_present,True,2,unmeasured,unmeasured,unmeasured,False,False
development_v1,v1_g-0.25,original,0.5,True,1.3684210526315796,witness_position_present,False,3,unmeasured,unmeasured,unmeasured,False,False
development_v1,v1_g-0.25,original,1.0,True,1.1315789473684212,witnessed_omission,False,2,unmeasured,unmeasured,unmeasured,False,False
development_v1,v1_g-0.25,original,1.5,True,0.8947368421052637,witness_position_present,False,2,unmeasured,unmeasured,unmeasured,False,False
development_v1,v1_g-0.25,original,2.0,True,0.6578947368421053,witness_position_present,False,3,unmeasured,unmeasured,unmeasured,True,False
development_v1,v1_g-0.25,original,2.5,True,0.4210526315789478,witness_position_present,False,1,unmeasured,unmeasured,unmeasured,False,False
development_v1,v1_g-0.25,original,3.0,True,0.18421052631578938,witness_position_present,False,2,unmeasured,unmeasured,unmeasured,False,False
development_v1,v1_g-0.25,original,3.5,False,-0.05263157894736814,witness_position_present,False,3,unmeasured,unmeasured,unmeasured,False,False
development_v1,v1_g-0.25,original,4.0,False,-0.28947368421052566,witness_position_present,False,3,unmeasured,unmeasured,unmeasured,True,False
development_v1,v1_g0,original,0.0,True,1.6052631578947372,witness_position_present,True,2,unmeasured,unmeasured,unmeasured,False,False
development_v1,v1_g0,original,0.5,True,1.3684210526315796,witness_position_present,False,3,unmeasured,unmeasured,unmeasured,False,False
development_v1,v1_g0,original,1.0,True,1.1315789473684212,witnessed_omission,False,2,unmeasured,unmeasured,unmeasured,False,False
development_v1,v1_g0,original,1.5,True,0.8947368421052637,witness_position_present,False,2,unmeasured,unmeasured,unmeasured,False,False
development_v1,v1_g0,original,2.0,True,0.6578947368421053,witness_position_present,False,3,unmeasured,unmeasured,unmeasured,True,False
development_v1,v1_g0,original,2.5,True,0.4210526315789478,witness_position_present,False,1,unmeasured,unmeasured,unmeasured,False,False
development_v1,v1_g0,original,3.0,True,0.18421052631578938,witness_position_present,False,2,unmeasured,unmeasured,unmeasured,False,False
development_v1,v1_g0,original,3.5,False,-0.05263157894736814,witness_position_present,False,3,unmeasured,unmeasured,unmeasured,False,False
development_v1,v1_g0,original,4.0,False,-0.28947368421052566,witness_position_present,False,3,unmeasured,unmeasured,unmeasured,True,False
confirmation_v3,v0.5_g-0.5,original,0.0,True,1.6052631578947372,witness_position_present,True,3,unmeasured,unmeasured,unmeasured,False,False
confirmation_v3,v0.5_g-0.5,original,0.5,True,1.4868421052631584,witness_position_present,False,4,unmeasured,unmeasured,unmeasured,False,False
confirmation_v3,v0.5_g-0.5,original,1.0,True,1.3684210526315796,witness_position_present,False,4,unmeasured,unmeasured,unmeasured,False,False
confirmation_v3,v0.5_g-0.5,original,1.5,True,1.25,witness_position_present,False,6,unmeasured,unmeasured,unmeasured,False,False
confirmation_v3,v0.5_g-0.5,original,2.0,True,1.1315789473684212,witnessed_omission,False,5,unmeasured,unmeasured,unmeasured,False,False
confirmation_v3,v0.5_g-0.5,original,2.5,True,1.0131578947368425,witness_position_present,False,6,unmeasured,unmeasured,unmeasured,False,False
confirmation_v3,v0.5_g-0.5,original,3.0,True,0.8947368421052637,witness_position_present,False,5,unmeasured,unmeasured,unmeasured,False,False
confirmation_v3,v0.5_g-0.5,original,3.5,True,0.776315789473685,witnessed_omission,False,5,unmeasured,unmeasured,unmeasured,False,False
confirmation_v3,v0.5_g-0.5,original,4.0,True,0.6578947368421053,witnessed_omission,False,6,unmeasured,unmeasured,unmeasured,True,False
confirmation_v3,v0.5_g-0.5,single_admission,0.0,True,1.6052631578947372,witness_position_present,True,3,unmeasured,unmeasured,unmeasured,False,False
confirmation_v3,v0.5_g-0.5,single_admission,0.5,True,1.4868421052631584,witness_position_present,False,4,unmeasured,unmeasured,unmeasured,False,False
confirmation_v3,v0.5_g-0.5,single_admission,1.0,True,1.3684210526315796,witness_position_present,False,4,unmeasured,unmeasured,unmeasured,False,False
confirmation_v3,v0.5_g-0.5,single_admission,1.5,True,1.25,witness_position_present,False,6,unmeasured,unmeasured,unmeasured,False,False
confirmation_v3,v0.5_g-0.5,single_admission,2.0,True,1.1315789473684212,witness_position_present,False,6,unmeasured,unmeasured,unmeasured,False,False
confirmation_v3,v0.5_g-0.5,single_admission,2.5,True,1.0131578947368425,witness_position_present,False,6,unmeasured,unmeasured,unmeasured,False,False
confirmation_v3,v0.5_g-0.5,single_admission,3.0,True,0.8947368421052637,witness_position_present,False,5,unmeasured,unmeasured,unmeasured,False,False
confirmation_v3,v0.5_g-0.5,single_admission,3.5,True,0.776315789473685,witnessed_omission,False,5,unmeasured,unmeasured,unmeasured,False,False
confirmation_v3,v0.5_g-0.5,single_admission,4.0,True,0.6578947368421053,witnessed_omission,False,6,unmeasured,unmeasured,unmeasured,True,False
confirmation_v3,v0.5_g-0.5,admission_off,0.0,True,1.6052631578947372,witness_position_present,True,3,unmeasured,unmeasured,unmeasured,False,False
confirmation_v3,v0.5_g-0.5,admission_off,0.5,True,1.4868421052631584,witness_position_present,False,4,unmeasured,unmeasured,unmeasured,False,False
confirmation_v3,v0.5_g-0.5,admission_off,1.0,True,1.3684210526315796,witness_position_present,False,4,unmeasured,unmeasured,unmeasured,False,False
confirmation_v3,v0.5_g-0.5,admission_off,1.5,True,1.25,witness_position_present,False,6,unmeasured,unmeasured,unmeasured,False,False
confirmation_v3,v0.5_g-0.5,admission_off,2.0,True,1.1315789473684212,witness_position_present,False,6,unmeasured,unmeasured,unmeasured,False,False
confirmation_v3,v0.5_g-0.5,admission_off,2.5,True,1.0131578947368425,witness_position_present,False,6,unmeasured,unmeasured,unmeasured,False,False
confirmation_v3,v0.5_g-0.5,admission_off,3.0,True,0.8947368421052637,witness_position_present,False,5,unmeasured,unmeasured,unmeasured,False,False
confirmation_v3,v0.5_g-0.5,admission_off,3.5,True,0.776315789473685,witness_position_present,False,6,unmeasured,unmeasured,unmeasured,False,False
confirmation_v3,v0.5_g-0.5,admission_off,4.0,True,0.6578947368421053,witness_position_present,False,7,unmeasured,unmeasured,unmeasured,True,False
confirmation_v3,v0.5_g-0.5,mature_only_off,0.0,True,1.6052631578947372,witness_position_present,True,4,unmeasured,unmeasured,unmeasured,False,False
confirmation_v3,v0.5_g-0.5,mature_only_off,0.5,True,1.4868421052631584,witness_position_present,False,10,unmeasured,unmeasured,unmeasured,False,False
confirmation_v3,v0.5_g-0.5,mature_only_off,1.0,True,1.3684210526315796,witness_position_present,False,18,unmeasured,unmeasured,unmeasured,False,False
confirmation_v3,v0.5_g-0.5,mature_only_off,1.5,True,1.25,witness_position_present,False,32,unmeasured,unmeasured,unmeasured,False,False
confirmation_v3,v0.5_g-0.5,mature_only_off,2.0,True,1.1315789473684212,witnessed_omission,False,24,unmeasured,unmeasured,unmeasured,False,False
confirmation_v3,v0.5_g-0.5,mature_only_off,2.5,True,1.0131578947368425,witness_position_present,False,28,unmeasured,unmeasured,unmeasured,False,False
confirmation_v3,v0.5_g-0.5,mature_only_off,3.0,True,0.8947368421052637,witness_position_present,False,29,unmeasured,unmeasured,unmeasured,False,False
confirmation_v3,v0.5_g-0.5,mature_only_off,3.5,True,0.776315789473685,witnessed_omission,False,30,unmeasured,unmeasured,unmeasured,False,False
confirmation_v3,v0.5_g-0.5,mature_only_off,4.0,True,0.6578947368421053,witnessed_omission,False,32,unmeasured,unmeasured,unmeasured,True,False
confirmation_v3,v0.5_g-0.5,mature_guard,0.0,True,1.6052631578947372,witness_position_present,True,3,unmeasured,unmeasured,unmeasured,False,False
confirmation_v3,v0.5_g-0.5,mature_guard,0.5,True,1.4868421052631584,witness_position_present,False,6,unmeasured,unmeasured,unmeasured,False,False
confirmation_v3,v0.5_g-0.5,mature_guard,1.0,True,1.3684210526315796,witness_position_present,False,10,unmeasured,unmeasured,unmeasured,False,False
confirmation_v3,v0.5_g-0.5,mature_guard,1.5,True,1.25,witness_position_present,False,20,unmeasured,unmeasured,unmeasured,False,False
confirmation_v3,v0.5_g-0.5,mature_guard,2.0,True,1.1315789473684212,witness_position_present,False,21,unmeasured,unmeasured,unmeasured,False,False
confirmation_v3,v0.5_g-0.5,mature_guard,2.5,True,1.0131578947368425,witness_position_present,False,28,unmeasured,unmeasured,unmeasured,False,False
confirmation_v3,v0.5_g-0.5,mature_guard,3.0,True,0.8947368421052637,witness_position_present,False,28,unmeasured,unmeasured,unmeasured,False,False
confirmation_v3,v0.5_g-0.5,mature_guard,3.5,True,0.776315789473685,witness_position_present,False,48,unmeasured,unmeasured,unmeasured,False,False
confirmation_v3,v0.5_g-0.5,mature_guard,4.0,True,0.6578947368421053,witness_position_present,False,59,unmeasured,unmeasured,unmeasured,True,False
native_resolution_control,v0.5_g-0.5,original,0.0,True,1.6052631578947372,witness_position_present,True,3,unmeasured,unmeasured,unmeasured,False,False
native_resolution_control,v0.5_g-0.5,original,0.5,True,1.4868421052631584,witness_position_present,False,4,unmeasured,unmeasured,unmeasured,False,False
native_resolution_control,v0.5_g-0.5,original,1.0,True,1.3684210526315796,witness_position_present,False,3,unmeasured,unmeasured,unmeasured,False,False
native_resolution_control,v0.5_g-0.5,original,1.5,True,1.25,witness_position_present,False,4,unmeasured,unmeasured,unmeasured,False,False
native_resolution_control,v0.5_g-0.5,original,2.0,True,1.1315789473684212,witness_position_present,False,5,unmeasured,unmeasured,unmeasured,False,False
native_resolution_control,v0.5_g-0.5,original,2.5,True,1.0131578947368425,witness_position_present,False,6,unmeasured,unmeasured,unmeasured,False,False
native_resolution_control,v0.5_g-0.5,original,3.0,True,0.8947368421052637,witness_position_present,False,5,unmeasured,unmeasured,unmeasured,False,False
native_resolution_control,v0.5_g-0.5,original,3.5,True,0.776315789473685,witnessed_omission,False,5,unmeasured,unmeasured,unmeasured,False,False
native_resolution_control,v0.5_g-0.5,original,4.0,True,0.6578947368421053,witness_position_present,False,6,unmeasured,unmeasured,unmeasured,False,False
native_resolution_control,v0.5_g-0.5,admission_off,0.0,True,1.6052631578947372,witness_position_present,True,3,unmeasured,unmeasured,unmeasured,False,False
native_resolution_control,v0.5_g-0.5,admission_off,0.5,True,1.4868421052631584,witness_position_present,False,4,unmeasured,unmeasured,unmeasured,False,False
native_resolution_control,v0.5_g-0.5,admission_off,1.0,True,1.3684210526315796,witness_position_present,False,3,unmeasured,unmeasured,unmeasured,False,False
native_resolution_control,v0.5_g-0.5,admission_off,1.5,True,1.25,witness_position_present,False,4,unmeasured,unmeasured,unmeasured,False,False
native_resolution_control,v0.5_g-0.5,admission_off,2.0,True,1.1315789473684212,witness_position_present,False,5,unmeasured,unmeasured,unmeasured,False,False
native_resolution_control,v0.5_g-0.5,admission_off,2.5,True,1.0131578947368425,witness_position_present,False,6,unmeasured,unmeasured,unmeasured,False,False
native_resolution_control,v0.5_g-0.5,admission_off,3.0,True,0.8947368421052637,witness_position_present,False,5,unmeasured,unmeasured,unmeasured,False,False
native_resolution_control,v0.5_g-0.5,admission_off,3.5,True,0.776315789473685,witness_position_present,False,6,unmeasured,unmeasured,unmeasured,False,False
native_resolution_control,v0.5_g-0.5,admission_off,4.0,True,0.6578947368421053,witness_position_present,False,6,unmeasured,unmeasured,unmeasured,False,False
native_resolution_local,v0.5_g-0.5,single_admission,0.0,True,1.6052631578947372,witness_position_present,True,3,unmeasured,unmeasured,unmeasured,False,False
native_resolution_local,v0.5_g-0.5,single_admission,0.5,True,1.4868421052631584,witness_position_present,False,4,unmeasured,unmeasured,unmeasured,False,False
native_resolution_local,v0.5_g-0.5,single_admission,1.0,True,1.3684210526315796,witness_position_present,False,3,unmeasured,unmeasured,unmeasured,False,False
native_resolution_local,v0.5_g-0.5,single_admission,1.5,True,1.25,witness_position_present,False,4,unmeasured,unmeasured,unmeasured,False,False
native_resolution_local,v0.5_g-0.5,single_admission,2.0,True,1.1315789473684212,witness_position_present,False,5,unmeasured,unmeasured,unmeasured,False,False
native_resolution_local,v0.5_g-0.5,single_admission,2.5,True,1.0131578947368425,witness_position_present,False,6,unmeasured,unmeasured,unmeasured,False,False
native_resolution_local,v0.5_g-0.5,single_admission,3.0,True,0.8947368421052637,witness_position_present,False,5,unmeasured,unmeasured,unmeasured,False,False
native_resolution_local,v0.5_g-0.5,single_admission,3.5,True,0.776315789473685,witness_position_present,False,6,unmeasured,unmeasured,unmeasured,False,False
native_resolution_local,v0.5_g-0.5,single_admission,4.0,True,0.6578947368421053,witness_position_present,False,6,unmeasured,unmeasured,unmeasured,False,False
