case,method,status,parity,omission_times,unresolved_times,applied,native_rejects,error,group,full_horizon_body_certified,body_uncertified_times,raw
v0_g-0.5,original,completed,True,,,0,11,,development_v1,True,,development_v1/v0_g-0.5/original.json
v0_g-0.25,original,completed,True,,,0,9,,development_v1,True,,development_v1/v0_g-0.25/original.json
v0_g0,original,completed,True,,,0,9,,development_v1,True,,development_v1/v0_g0/original.json
v0.5_g-0.5,original,completed,True,2.0;3.5;4.0,,0,20,,development_v1,True,,development_v1/v0.5_g-0.5/original.json
v0.5_g-0.25,original,completed,True,2.0;3.5;4.0,,0,13,,development_v1,True,,development_v1/v0.5_g-0.25/original.json
v0.5_g0,original,completed,True,2.0;3.5;4.0,,0,13,,development_v1,True,,development_v1/v0.5_g0/original.json
v1_g-0.5,original,completed,True,1.0,,0,14,,development_v1,False,3.5;4.0,development_v1/v1_g-0.5/original.json
v1_g-0.25,original,completed,True,1.0,,0,6,,development_v1,False,3.5;4.0,development_v1/v1_g-0.25/original.json
v1_g0,original,completed,True,1.0,,0,6,,development_v1,False,3.5;4.0,development_v1/v1_g0/original.json
v0.5_g-0.5,original,completed,True,2.0;3.5;4.0,,0,20,,confirmation_v3,True,,confirmation_v3/v0.5_g-0.5/original.json
v0.5_g-0.5,single_admission,completed,True,3.5;4.0,,1,20,,confirmation_v3,True,,confirmation_v3/v0.5_g-0.5/single_admission.json
v0.5_g-0.5,admission_off,completed,True,,,0,36,,confirmation_v3,True,,confirmation_v3/v0.5_g-0.5/admission_off.json
v0.5_g-0.5,mature_only_off,completed,True,2.0;3.5;4.0,,0,41,,confirmation_v3,True,,confirmation_v3/v0.5_g-0.5/mature_only_off.json
v0.5_g-0.5,mature_guard,completed,True,,,0,88,,confirmation_v3,True,,confirmation_v3/v0.5_g-0.5/mature_guard.json
v0.5_g-0.5,original,completed,True,3.5,,0,15,,native_resolution_control,True,,native_resolution_control/v0.5_g-0.5/original.json
v0.5_g-0.5,admission_off,completed,True,,,0,31,,native_resolution_control,True,,native_resolution_control/v0.5_g-0.5/admission_off.json
v0.5_g-0.5,single_admission,completed,True,,,1,16,,native_resolution_local,True,,native_resolution_local/v0.5_g-0.5/single_admission.json
